{
  "NDCG@1": 0.05405,
  "NDCG@5": 0.05637,
  "NDCG@10": 0.06,
  "NDCG@25": 0.07465,
  "NDCG@50": 0.08927,
  "NDCG@100": 0.10711,
  "MAP@1": 0.01266,
  "MAP@5": 0.03339,
  "MAP@10": 0.03833,
  "MAP@25": 0.04246,
  "MAP@50": 0.04505,
  "MAP@100": 0.04711,
  "Recall@1": 0.01266,
  "Recall@5": 0.05615,
  "Recall@10": 0.07191,
  "Recall@25": 0.10982,
  "Recall@50": 0.15653,
  "Recall@100": 0.22169,
  "P@1": 0.05405,
  "P@5": 0.04505,
  "P@10": 0.03153,
  "P@25": 0.01946,
  "P@50": 0.01423,
  "P@100": 0.01054,
  "MRR": 0.0938
}