{
  "NDCG@1": 0.02913,
  "NDCG@5": 0.03576,
  "NDCG@10": 0.03828,
  "NDCG@25": 0.03615,
  "NDCG@50": 0.03985,
  "NDCG@100": 0.04832,
  "MAP@1": 0.00538,
  "MAP@5": 0.01355,
  "MAP@10": 0.01673,
  "MAP@25": 0.01817,
  "MAP@50": 0.0197,
  "MAP@100": 0.02098,
  "Recall@1": 0.00538,
  "Recall@5": 0.02317,
  "Recall@10": 0.04013,
  "Recall@25": 0.04637,
  "Recall@50": 0.07007,
  "Recall@100": 0.11538,
  "P@1": 0.02913,
  "P@5": 0.02718,
  "P@10": 0.02136,
  "P@25": 0.01398,
  "P@50": 0.0099,
  "P@100": 0.00689,
  "MRR": 0.05279
}