{
  "NDCG@1": 0.02913,
  "NDCG@5": 0.03105,
  "NDCG@10": 0.03533,
  "NDCG@25": 0.05295,
  "NDCG@50": 0.06726,
  "NDCG@100": 0.08159,
  "MAP@1": 0.00809,
  "MAP@5": 0.01917,
  "MAP@10": 0.02132,
  "MAP@25": 0.02492,
  "MAP@50": 0.02715,
  "MAP@100": 0.02894,
  "Recall@1": 0.00809,
  "Recall@5": 0.03074,
  "Recall@10": 0.04167,
  "Recall@25": 0.09427,
  "Recall@50": 0.14071,
  "Recall@100": 0.19739,
  "P@1": 0.02913,
  "P@5": 0.0233,
  "P@10": 0.01553,
  "P@25": 0.01359,
  "P@50": 0.01107,
  "P@100": 0.00816,
  "MRR": 0.06535
}