{
  "NDCG@1": 0.0,
  "NDCG@5": 0.00539,
  "NDCG@10": 0.00539,
  "NDCG@25": 0.00667,
  "NDCG@50": 0.00667,
  "NDCG@100": 0.00688,
  "MAP@1": 0.0,
  "MAP@5": 0.00427,
  "MAP@10": 0.00427,
  "MAP@25": 0.00448,
  "MAP@50": 0.00448,
  "MAP@100": 0.0045,
  "Recall@1": 0.0,
  "Recall@5": 0.00855,
  "Recall@10": 0.00855,
  "Recall@25": 0.01185,
  "Recall@50": 0.01185,
  "Recall@100": 0.0123,
  "P@1": 0.0,
  "P@5": 0.00171,
  "P@10": 0.00085,
  "P@25": 0.00103,
  "P@50": 0.00051,
  "P@100": 0.00034,
  "MRR": 0.00553
}