{
  "NDCG@1": 0.0,
  "NDCG@5": 0.0051,
  "NDCG@10": 0.00513,
  "NDCG@25": 0.00714,
  "NDCG@50": 0.01137,
  "NDCG@100": 0.01398,
  "MAP@1": 0.0,
  "MAP@5": 0.00182,
  "MAP@10": 0.002,
  "MAP@25": 0.00277,
  "MAP@50": 0.00363,
  "MAP@100": 0.00403,
  "Recall@1": 0.0,
  "Recall@5": 0.00448,
  "Recall@10": 0.00589,
  "Recall@25": 0.01014,
  "Recall@50": 0.02603,
  "Recall@100": 0.03876,
  "P@1": 0.0,
  "P@5": 0.00594,
  "P@10": 0.00396,
  "P@25": 0.00277,
  "P@50": 0.00277,
  "P@100": 0.00168,
  "MRR": 0.01049
}