{
  "NDCG@1": 0.03704,
  "NDCG@5": 0.0514,
  "NDCG@10": 0.06268,
  "NDCG@25": 0.07923,
  "NDCG@50": 0.09853,
  "NDCG@100": 0.11317,
  "MAP@1": 0.01034,
  "MAP@5": 0.02971,
  "MAP@10": 0.03482,
  "MAP@25": 0.0401,
  "MAP@50": 0.04359,
  "MAP@100": 0.04608,
  "Recall@1": 0.01034,
  "Recall@5": 0.0614,
  "Recall@10": 0.09143,
  "Recall@25": 0.13751,
  "Recall@50": 0.20666,
  "Recall@100": 0.25454,
  "P@1": 0.03704,
  "P@5": 0.03889,
  "P@10": 0.03148,
  "P@25": 0.0237,
  "P@50": 0.01852,
  "P@100": 0.01352,
  "MRR": 0.08916
}