{
  "NDCG@1": 0.0057209999999999995,
  "NDCG@5": 0.008507999999999998,
  "NDCG@10": 0.008895,
  "NDCG@25": 0.011887,
  "NDCG@50": 0.014548,
  "NDCG@100": 0.017911,
  "MAP@1": 0.0017829999999999999,
  "MAP@5": 0.004287,
  "MAP@10": 0.004557,
  "MAP@25": 0.005334,
  "MAP@50": 0.005768,
  "MAP@100": 0.006109999999999999,
  "Recall@1": 0.0017829999999999999,
  "Recall@5": 0.007985,
  "Recall@10": 0.010227,
  "Recall@25": 0.020665,
  "Recall@50": 0.031599,
  "Recall@100": 0.045809,
  "P@1": 0.0057209999999999995,
  "P@5": 0.005856,
  "P@10": 0.004043,
  "P@25": 0.0035909999999999996,
  "P@50": 0.002731,
  "P@100": 0.0020849999999999996,
  "MRR": 0.018047
}