{
  "NDCG@1": 0.00862,
  "NDCG@5": 0.00836,
  "NDCG@10": 0.01126,
  "NDCG@25": 0.01734,
  "NDCG@50": 0.02229,
  "NDCG@100": 0.02503,
  "MAP@1": 0.00108,
  "MAP@5": 0.00539,
  "MAP@10": 0.00649,
  "MAP@25": 0.00785,
  "MAP@50": 0.00848,
  "MAP@100": 0.00866,
  "Recall@1": 0.00108,
  "Recall@5": 0.0097,
  "Recall@10": 0.01746,
  "Recall@25": 0.03456,
  "Recall@50": 0.0564,
  "Recall@100": 0.06722,
  "P@1": 0.00862,
  "P@5": 0.00345,
  "P@10": 0.00431,
  "P@25": 0.00414,
  "P@50": 0.00293,
  "P@100": 0.00198,
  "MRR": 0.02242
}