{
  "NDCG@1": 0.0198,
  "NDCG@5": 0.02804,
  "NDCG@10": 0.02933,
  "NDCG@25": 0.03219,
  "NDCG@50": 0.0411,
  "NDCG@100": 0.05596,
  "MAP@1": 0.01238,
  "MAP@5": 0.01594,
  "MAP@10": 0.01763,
  "MAP@25": 0.01876,
  "MAP@50": 0.0203,
  "MAP@100": 0.0219,
  "Recall@1": 0.01238,
  "Recall@5": 0.02106,
  "Recall@10": 0.02523,
  "Recall@25": 0.03985,
  "Recall@50": 0.07617,
  "Recall@100": 0.14255,
  "P@1": 0.0198,
  "P@5": 0.0198,
  "P@10": 0.01584,
  "P@25": 0.01109,
  "P@50": 0.0095,
  "P@100": 0.00782,
  "MRR": 0.04865
}