{
  "NDCG@1": 0.0,
  "NDCG@5": 0.00234,
  "NDCG@10": 0.00211,
  "NDCG@25": 0.0023,
  "NDCG@50": 0.00631,
  "NDCG@100": 0.00848,
  "MAP@1": 0.0,
  "MAP@5": 0.00014,
  "MAP@10": 0.00018,
  "MAP@25": 0.00032,
  "MAP@50": 0.0006,
  "MAP@100": 0.00073,
  "Recall@1": 0.0,
  "Recall@5": 0.00069,
  "Recall@10": 0.00106,
  "Recall@25": 0.0025,
  "Recall@50": 0.01011,
  "Recall@100": 0.0151,
  "P@1": 0.0,
  "P@5": 0.00357,
  "P@10": 0.00268,
  "P@25": 0.0025,
  "P@50": 0.00429,
  "P@100": 0.00304,
  "MRR": 0.01001
}