{
  "NDCG@1": 0.05634,
  "NDCG@5": 0.06583,
  "NDCG@10": 0.0726,
  "NDCG@25": 0.08532,
  "NDCG@50": 0.09973,
  "NDCG@100": 0.10937,
  "MAP@1": 0.02993,
  "MAP@5": 0.04934,
  "MAP@10": 0.05166,
  "MAP@25": 0.05529,
  "MAP@50": 0.05767,
  "MAP@100": 0.05863,
  "Recall@1": 0.02993,
  "Recall@5": 0.07347,
  "Recall@10": 0.08932,
  "Recall@25": 0.13146,
  "Recall@50": 0.19918,
  "Recall@100": 0.248,
  "P@1": 0.05634,
  "P@5": 0.02958,
  "P@10": 0.01901,
  "P@25": 0.01127,
  "P@50": 0.00775,
  "P@100": 0.00486,
  "MRR": 0.10362
}