{
  "NDCG@1": 0.12871,
  "NDCG@5": 0.11174,
  "NDCG@10": 0.11713,
  "NDCG@25": 0.13255,
  "NDCG@50": 0.14233,
  "NDCG@100": 0.16171,
  "MAP@1": 0.03867,
  "MAP@5": 0.06518,
  "MAP@10": 0.07102,
  "MAP@25": 0.07773,
  "MAP@50": 0.07988,
  "MAP@100": 0.08226,
  "Recall@1": 0.03867,
  "Recall@5": 0.10412,
  "Recall@10": 0.14175,
  "Recall@25": 0.20174,
  "Recall@50": 0.23487,
  "Recall@100": 0.3155,
  "P@1": 0.12871,
  "P@5": 0.06931,
  "P@10": 0.04851,
  "P@25": 0.0301,
  "P@50": 0.01861,
  "P@100": 0.01337,
  "MRR": 0.18765
}