{
  "NDCG@1": 0.0,
  "NDCG@5": 0.00298,
  "NDCG@10": 0.00298,
  "NDCG@25": 0.00507,
  "NDCG@50": 0.00507,
  "NDCG@100": 0.00899,
  "MAP@1": 0.0,
  "MAP@5": 0.00162,
  "MAP@10": 0.00162,
  "MAP@25": 0.00192,
  "MAP@50": 0.00192,
  "MAP@100": 0.00221,
  "Recall@1": 0.0,
  "Recall@5": 0.00485,
  "Recall@10": 0.00485,
  "Recall@25": 0.01214,
  "Recall@50": 0.01214,
  "Recall@100": 0.03496,
  "P@1": 0.0,
  "P@5": 0.00194,
  "P@10": 0.00097,
  "P@25": 0.00117,
  "P@50": 0.00058,
  "P@100": 0.00068,
  "MRR": 0.00501
}