{
  "NDCG@1": 0.06796,
  "NDCG@5": 0.05287,
  "NDCG@10": 0.05489,
  "NDCG@25": 0.07309,
  "NDCG@50": 0.0868,
  "NDCG@100": 0.09824,
  "MAP@1": 0.01686,
  "MAP@5": 0.02833,
  "MAP@10": 0.03224,
  "MAP@25": 0.0373,
  "MAP@50": 0.03962,
  "MAP@100": 0.04101,
  "Recall@1": 0.01686,
  "Recall@5": 0.04315,
  "Recall@10": 0.06283,
  "Recall@25": 0.11454,
  "Recall@50": 0.16174,
  "Recall@100": 0.20514,
  "P@1": 0.06796,
  "P@5": 0.03883,
  "P@10": 0.02621,
  "P@25": 0.01786,
  "P@50": 0.01282,
  "P@100": 0.00854,
  "MRR": 0.10223
}