{
  "NDCG@1": 0.00971,
  "NDCG@5": 0.0167,
  "NDCG@10": 0.01553,
  "NDCG@25": 0.01977,
  "NDCG@50": 0.02102,
  "NDCG@100": 0.02266,
  "MAP@1": 0.00485,
  "MAP@5": 0.01025,
  "MAP@10": 0.01025,
  "MAP@25": 0.01148,
  "MAP@50": 0.01177,
  "MAP@100": 0.01199,
  "Recall@1": 0.00485,
  "Recall@5": 0.01685,
  "Recall@10": 0.01685,
  "Recall@25": 0.03192,
  "Recall@50": 0.03722,
  "Recall@100": 0.04365,
  "P@1": 0.00971,
  "P@5": 0.00971,
  "P@10": 0.00485,
  "P@25": 0.00427,
  "P@50": 0.0035,
  "P@100": 0.00252,
  "MRR": 0.02406
}