{
  "NDCG@1": 0.0,
  "NDCG@5": 0.01264,
  "NDCG@10": 0.01739,
  "NDCG@25": 0.01815,
  "NDCG@50": 0.02064,
  "NDCG@100": 0.02603,
  "MAP@1": 0.0,
  "MAP@5": 0.0084,
  "MAP@10": 0.01034,
  "MAP@25": 0.01046,
  "MAP@50": 0.01077,
  "MAP@100": 0.01119,
  "Recall@1": 0.0,
  "Recall@5": 0.02038,
  "Recall@10": 0.03232,
  "Recall@25": 0.03439,
  "Recall@50": 0.0402,
  "Recall@100": 0.06877,
  "P@1": 0.0,
  "P@5": 0.00594,
  "P@10": 0.00594,
  "P@25": 0.00396,
  "P@50": 0.00337,
  "P@100": 0.00228,
  "MRR": 0.01858
}