{
  "NDCG@1": 0.0,
  "NDCG@5": 0.01462,
  "NDCG@10": 0.0212,
  "NDCG@25": 0.02777,
  "NDCG@50": 0.0337,
  "NDCG@100": 0.03806,
  "MAP@1": 0.0,
  "MAP@5": 0.00817,
  "MAP@10": 0.01122,
  "MAP@25": 0.01266,
  "MAP@50": 0.01377,
  "MAP@100": 0.0142,
  "Recall@1": 0.0,
  "Recall@5": 0.01975,
  "Recall@10": 0.0392,
  "Recall@25": 0.0571,
  "Recall@50": 0.07901,
  "Recall@100": 0.09941,
  "P@1": 0.0,
  "P@5": 0.01111,
  "P@10": 0.00926,
  "P@25": 0.00667,
  "P@50": 0.00481,
  "P@100": 0.00315,
  "MRR": 0.02695
}