{
  "NDCG@1": 0.17476,
  "NDCG@5": 0.16181,
  "NDCG@10": 0.16605,
  "NDCG@25": 0.18593,
  "NDCG@50": 0.20804,
  "NDCG@100": 0.22988,
  "MAP@1": 0.0598,
  "MAP@5": 0.09035,
  "MAP@10": 0.10059,
  "MAP@25": 0.11374,
  "MAP@50": 0.12177,
  "MAP@100": 0.12753,
  "Recall@1": 0.0598,
  "Recall@5": 0.12685,
  "Recall@10": 0.16325,
  "Recall@25": 0.26735,
  "Recall@50": 0.36728,
  "Recall@100": 0.45091,
  "P@1": 0.17476,
  "P@5": 0.09515,
  "P@10": 0.07961,
  "P@25": 0.05748,
  "P@50": 0.04233,
  "P@100": 0.02903,
  "MRR": 0.23032
}