{
  "NDCG@1": 0.0493,
  "NDCG@5": 0.04261,
  "NDCG@10": 0.04677,
  "NDCG@25": 0.05583,
  "NDCG@50": 0.06386,
  "NDCG@100": 0.07308,
  "MAP@1": 0.03275,
  "MAP@5": 0.0376,
  "MAP@10": 0.0391,
  "MAP@25": 0.04136,
  "MAP@50": 0.04255,
  "MAP@100": 0.04327,
  "Recall@1": 0.03275,
  "Recall@5": 0.04237,
  "Recall@10": 0.052,
  "Recall@25": 0.08486,
  "Recall@50": 0.12054,
  "Recall@100": 0.16984,
  "P@1": 0.0493,
  "P@5": 0.01549,
  "P@10": 0.01056,
  "P@25": 0.0062,
  "P@50": 0.00451,
  "P@100": 0.0031,
  "MRR": 0.06307
}