{
  "NDCG@1": 0.0099,
  "NDCG@5": 0.00992,
  "NDCG@10": 0.01123,
  "NDCG@25": 0.01549,
  "NDCG@50": 0.01642,
  "NDCG@100": 0.01925,
  "MAP@1": 0.00248,
  "MAP@5": 0.00768,
  "MAP@10": 0.00911,
  "MAP@25": 0.01032,
  "MAP@50": 0.01053,
  "MAP@100": 0.01095,
  "Recall@1": 0.00248,
  "Recall@5": 0.00819,
  "Recall@10": 0.01142,
  "Recall@25": 0.02615,
  "Recall@50": 0.02945,
  "Recall@100": 0.0386,
  "P@1": 0.0099,
  "P@5": 0.00792,
  "P@10": 0.00594,
  "P@25": 0.00396,
  "P@50": 0.00218,
  "P@100": 0.00188,
  "MRR": 0.01543
}