{
  "NDCG@1": 0.0,
  "NDCG@5": 0.00539,
  "NDCG@10": 0.0061,
  "NDCG@25": 0.0061,
  "NDCG@50": 0.00699,
  "NDCG@100": 0.00869,
  "MAP@1": 0.0,
  "MAP@5": 0.00427,
  "MAP@10": 0.00441,
  "MAP@25": 0.00441,
  "MAP@50": 0.00447,
  "MAP@100": 0.00462,
  "Recall@1": 0.0,
  "Recall@5": 0.00855,
  "Recall@10": 0.00977,
  "Recall@25": 0.00977,
  "Recall@50": 0.01243,
  "Recall@100": 0.01936,
  "P@1": 0.0,
  "P@5": 0.00171,
  "P@10": 0.00171,
  "P@25": 0.00068,
  "P@50": 0.00068,
  "P@100": 0.0006,
  "MRR": 0.00611
}