{
  "NDCG@1": 0.00855,
  "NDCG@5": 0.0029,
  "NDCG@10": 0.00594,
  "NDCG@25": 0.00683,
  "NDCG@50": 0.00836,
  "NDCG@100": 0.00963,
  "MAP@1": 0.00171,
  "MAP@5": 0.00171,
  "MAP@10": 0.00313,
  "MAP@25": 0.00326,
  "MAP@50": 0.00347,
  "MAP@100": 0.00365,
  "Recall@1": 0.00171,
  "Recall@5": 0.00171,
  "Recall@10": 0.01026,
  "Recall@25": 0.01216,
  "Recall@50": 0.01752,
  "Recall@100": 0.02302,
  "P@1": 0.00855,
  "P@5": 0.00171,
  "P@10": 0.00171,
  "P@25": 0.00137,
  "P@50": 0.0012,
  "P@100": 0.00077,
  "MRR": 0.01114
}