{
  "NDCG@1": 0.03571,
  "NDCG@5": 0.05053,
  "NDCG@10": 0.05724,
  "NDCG@25": 0.06576,
  "NDCG@50": 0.10685,
  "NDCG@100": 0.15981,
  "MAP@1": 0.00213,
  "MAP@5": 0.00831,
  "MAP@10": 0.0116,
  "MAP@25": 0.01609,
  "MAP@50": 0.02211,
  "MAP@100": 0.03001,
  "Recall@1": 0.00213,
  "Recall@5": 0.01668,
  "Recall@10": 0.03528,
  "Recall@25": 0.07854,
  "Recall@50": 0.15705,
  "Recall@100": 0.27511,
  "P@1": 0.03571,
  "P@5": 0.05179,
  "P@10": 0.05893,
  "P@25": 0.05107,
  "P@50": 0.05643,
  "P@100": 0.05143,
  "MRR": 0.15586
}