{
  "NDCG@1": 0.0,
  "NDCG@5": 0.00402,
  "NDCG@10": 0.01034,
  "NDCG@25": 0.01959,
  "NDCG@50": 0.02534,
  "NDCG@100": 0.03209,
  "MAP@1": 0.0,
  "MAP@5": 0.00167,
  "MAP@10": 0.00371,
  "MAP@25": 0.00558,
  "MAP@50": 0.00642,
  "MAP@100": 0.00718,
  "Recall@1": 0.0,
  "Recall@5": 0.00617,
  "Recall@10": 0.02346,
  "Recall@25": 0.0525,
  "Recall@50": 0.07616,
  "Recall@100": 0.10666,
  "P@1": 0.0,
  "P@5": 0.0037,
  "P@10": 0.00556,
  "P@25": 0.0063,
  "P@50": 0.00444,
  "P@100": 0.00361,
  "MRR": 0.01626
}