{
  "NDCG@1": 0.00901,
  "NDCG@5": 0.01923,
  "NDCG@10": 0.02205,
  "NDCG@25": 0.02675,
  "NDCG@50": 0.03683,
  "NDCG@100": 0.05098,
  "MAP@1": 0.003,
  "MAP@5": 0.00783,
  "MAP@10": 0.00924,
  "MAP@25": 0.01021,
  "MAP@50": 0.01143,
  "MAP@100": 0.01271,
  "Recall@1": 0.003,
  "Recall@5": 0.01989,
  "Recall@10": 0.03153,
  "Recall@25": 0.04505,
  "Recall@50": 0.0792,
  "Recall@100": 0.13712,
  "P@1": 0.00901,
  "P@5": 0.01982,
  "P@10": 0.01441,
  "P@25": 0.00793,
  "P@50": 0.00667,
  "P@100": 0.00568,
  "MRR": 0.04092
}