{
  "NDCG@1": 0.04505,
  "NDCG@5": 0.02306,
  "NDCG@10": 0.02352,
  "NDCG@25": 0.02631,
  "NDCG@50": 0.02837,
  "NDCG@100": 0.03446,
  "MAP@1": 0.00863,
  "MAP@5": 0.01131,
  "MAP@10": 0.01201,
  "MAP@25": 0.01264,
  "MAP@50": 0.01285,
  "MAP@100": 0.01339,
  "Recall@1": 0.00863,
  "Recall@5": 0.01539,
  "Recall@10": 0.01931,
  "Recall@25": 0.02606,
  "Recall@50": 0.03282,
  "Recall@100": 0.05663,
  "P@1": 0.04505,
  "P@5": 0.01622,
  "P@10": 0.01081,
  "P@25": 0.00541,
  "P@50": 0.00324,
  "P@100": 0.00261,
  "MRR": 0.06597
}