{
  "NDCG@1": 0.0,
  "NDCG@5": 0.01215,
  "NDCG@10": 0.01534,
  "NDCG@25": 0.01909,
  "NDCG@50": 0.02087,
  "NDCG@100": 0.02559,
  "MAP@1": 0.0,
  "MAP@5": 0.00664,
  "MAP@10": 0.00757,
  "MAP@25": 0.00812,
  "MAP@50": 0.00827,
  "MAP@100": 0.00869,
  "Recall@1": 0.0,
  "Recall@5": 0.01688,
  "Recall@10": 0.02458,
  "Recall@25": 0.0328,
  "Recall@50": 0.0368,
  "Recall@100": 0.05148,
  "P@1": 0.0,
  "P@5": 0.00862,
  "P@10": 0.00776,
  "P@25": 0.00621,
  "P@50": 0.00414,
  "P@100": 0.00336,
  "MRR": 0.02527
}