{
  "NDCG@1": 0.0198,
  "NDCG@5": 0.01814,
  "NDCG@10": 0.02079,
  "NDCG@25": 0.02335,
  "NDCG@50": 0.02809,
  "NDCG@100": 0.03045,
  "MAP@1": 0.01238,
  "MAP@5": 0.01733,
  "MAP@10": 0.01811,
  "MAP@25": 0.01863,
  "MAP@50": 0.01948,
  "MAP@100": 0.01975,
  "Recall@1": 0.01238,
  "Recall@5": 0.01733,
  "Recall@10": 0.02228,
  "Recall@25": 0.02964,
  "Recall@50": 0.04874,
  "Recall@100": 0.05746,
  "P@1": 0.0198,
  "P@5": 0.00792,
  "P@10": 0.00594,
  "P@25": 0.00356,
  "P@50": 0.00297,
  "P@100": 0.00198,
  "MRR": 0.02554
}