{
  "NDCG@1": 0.21552,
  "NDCG@5": 0.2326,
  "NDCG@10": 0.24558,
  "NDCG@25": 0.27844,
  "NDCG@50": 0.29883,
  "NDCG@100": 0.32194,
  "MAP@1": 0.10832,
  "MAP@5": 0.18004,
  "MAP@10": 0.18992,
  "MAP@25": 0.20175,
  "MAP@50": 0.20641,
  "MAP@100": 0.21006,
  "Recall@1": 0.10832,
  "Recall@5": 0.23825,
  "Recall@10": 0.27716,
  "Recall@25": 0.37151,
  "Recall@50": 0.43661,
  "Recall@100": 0.52674,
  "P@1": 0.21552,
  "P@5": 0.12586,
  "P@10": 0.08534,
  "P@25": 0.05138,
  "P@50": 0.03241,
  "P@100": 0.0206,
  "MRR": 0.31432
}