{
  "NDCG@1": 0.01724,
  "NDCG@5": 0.02381,
  "NDCG@10": 0.03227,
  "NDCG@25": 0.0398,
  "NDCG@50": 0.0461,
  "NDCG@100": 0.06046,
  "MAP@1": 0.01724,
  "MAP@5": 0.02071,
  "MAP@10": 0.02393,
  "MAP@25": 0.02535,
  "MAP@50": 0.02622,
  "MAP@100": 0.02737,
  "Recall@1": 0.01724,
  "Recall@5": 0.02882,
  "Recall@10": 0.04663,
  "Recall@25": 0.07268,
  "Recall@50": 0.09436,
  "Recall@100": 0.1601,
  "P@1": 0.01724,
  "P@5": 0.00862,
  "P@10": 0.01121,
  "P@25": 0.00759,
  "P@50": 0.00586,
  "P@100": 0.00517,
  "MRR": 0.03774
}