{
  "NDCG@1": 0.0099,
  "NDCG@5": 0.00466,
  "NDCG@10": 0.00502,
  "NDCG@25": 0.00844,
  "NDCG@50": 0.01168,
  "NDCG@100": 0.01439,
  "MAP@1": 0.00165,
  "MAP@5": 0.00193,
  "MAP@10": 0.00217,
  "MAP@25": 0.00298,
  "MAP@50": 0.00381,
  "MAP@100": 0.00407,
  "Recall@1": 0.00165,
  "Recall@5": 0.00306,
  "Recall@10": 0.00448,
  "Recall@25": 0.01721,
  "Recall@50": 0.02545,
  "Recall@100": 0.03851,
  "P@1": 0.0099,
  "P@5": 0.00396,
  "P@10": 0.00297,
  "P@25": 0.00238,
  "P@50": 0.00257,
  "P@100": 0.00178,
  "MRR": 0.01465
}