{
  "NDCG@1": 0.04505,
  "NDCG@5": 0.01813,
  "NDCG@10": 0.01853,
  "NDCG@25": 0.02451,
  "NDCG@50": 0.02782,
  "NDCG@100": 0.03459,
  "MAP@1": 0.00826,
  "MAP@5": 0.00901,
  "MAP@10": 0.00974,
  "MAP@25": 0.01068,
  "MAP@50": 0.01096,
  "MAP@100": 0.01143,
  "Recall@1": 0.00826,
  "Recall@5": 0.00976,
  "Recall@10": 0.01389,
  "Recall@25": 0.03019,
  "Recall@50": 0.04011,
  "Recall@100": 0.06708,
  "P@1": 0.04505,
  "P@5": 0.01081,
  "P@10": 0.00811,
  "P@25": 0.00613,
  "P@50": 0.00414,
  "P@100": 0.00324,
  "MRR": 0.05867
}