{
  "NDCG@1": 0.15842,
  "NDCG@5": 0.16976,
  "NDCG@10": 0.17464,
  "NDCG@25": 0.18947,
  "NDCG@50": 0.20788,
  "NDCG@100": 0.23287,
  "MAP@1": 0.06666,
  "MAP@5": 0.10269,
  "MAP@10": 0.11775,
  "MAP@25": 0.13319,
  "MAP@50": 0.13867,
  "MAP@100": 0.14234,
  "Recall@1": 0.06666,
  "Recall@5": 0.13718,
  "Recall@10": 0.1853,
  "Recall@25": 0.24639,
  "Recall@50": 0.32352,
  "Recall@100": 0.43602,
  "P@1": 0.15842,
  "P@5": 0.11089,
  "P@10": 0.08218,
  "P@25": 0.05465,
  "P@50": 0.03663,
  "P@100": 0.02337,
  "MRR": 0.23066
}