{
  "NDCG@1": 0.06838,
  "NDCG@5": 0.08553,
  "NDCG@10": 0.1083,
  "NDCG@25": 0.14968,
  "NDCG@50": 0.18122,
  "NDCG@100": 0.20852,
  "MAP@1": 0.02672,
  "MAP@5": 0.05675,
  "MAP@10": 0.06761,
  "MAP@25": 0.07997,
  "MAP@50": 0.08687,
  "MAP@100": 0.09043,
  "Recall@1": 0.02672,
  "Recall@5": 0.10175,
  "Recall@10": 0.1659,
  "Recall@25": 0.30276,
  "Recall@50": 0.41838,
  "Recall@100": 0.53684,
  "P@1": 0.06838,
  "P@5": 0.05641,
  "P@10": 0.04444,
  "P@25": 0.03453,
  "P@50": 0.02735,
  "P@100": 0.0188,
  "MRR": 0.13997
}