{
  "NDCG@1": 0.10185,
  "NDCG@5": 0.11046,
  "NDCG@10": 0.13326,
  "NDCG@25": 0.17408,
  "NDCG@50": 0.19797,
  "NDCG@100": 0.22844,
  "MAP@1": 0.04223,
  "MAP@5": 0.0776,
  "MAP@10": 0.08922,
  "MAP@25": 0.10165,
  "MAP@50": 0.10732,
  "MAP@100": 0.11204,
  "Recall@1": 0.04223,
  "Recall@5": 0.10983,
  "Recall@10": 0.1722,
  "Recall@25": 0.29539,
  "Recall@50": 0.37338,
  "Recall@100": 0.50558,
  "P@1": 0.10185,
  "P@5": 0.07037,
  "P@10": 0.05741,
  "P@25": 0.04222,
  "P@50": 0.03056,
  "P@100": 0.02111,
  "MRR": 0.1851
}