{
  "NDCG@1": 0.0,
  "NDCG@5": 0.0,
  "NDCG@10": 0.0,
  "NDCG@25": 0.00053,
  "NDCG@50": 0.00074,
  "NDCG@100": 0.00074,
  "MAP@1": 0.0,
  "MAP@5": 0.0,
  "MAP@10": 0.0,
  "MAP@25": 4e-05,
  "MAP@50": 5e-05,
  "MAP@100": 5e-05,
  "Recall@1": 0.0,
  "Recall@5": 0.0,
  "Recall@10": 0.0,
  "Recall@25": 0.00079,
  "Recall@50": 0.00113,
  "Recall@100": 0.00113,
  "P@1": 0.0,
  "P@5": 0.0,
  "P@10": 0.0,
  "P@25": 0.00071,
  "P@50": 0.00054,
  "P@100": 0.00027,
  "MRR": 0.00333
}