{
  "NDCG@1": 0.26761,
  "NDCG@5": 0.24867,
  "NDCG@10": 0.26681,
  "NDCG@25": 0.28846,
  "NDCG@50": 0.30709,
  "NDCG@100": 0.31797,
  "MAP@1": 0.14765,
  "MAP@5": 0.2081,
  "MAP@10": 0.21669,
  "MAP@25": 0.22326,
  "MAP@50": 0.22656,
  "MAP@100": 0.22765,
  "Recall@1": 0.14765,
  "Recall@5": 0.26761,
  "Recall@10": 0.31326,
  "Recall@25": 0.38979,
  "Recall@50": 0.47195,
  "Recall@100": 0.53263,
  "P@1": 0.26761,
  "P@5": 0.10704,
  "P@10": 0.06338,
  "P@25": 0.03042,
  "P@50": 0.01817,
  "P@100": 0.01007,
  "MRR": 0.33153
}