{
  "NDCG@1": 0.03521,
  "NDCG@5": 0.04519,
  "NDCG@10": 0.05005,
  "NDCG@25": 0.05677,
  "NDCG@50": 0.06402,
  "NDCG@100": 0.0708,
  "MAP@1": 0.02077,
  "MAP@5": 0.03357,
  "MAP@10": 0.03575,
  "MAP@25": 0.03752,
  "MAP@50": 0.03845,
  "MAP@100": 0.03905,
  "Recall@1": 0.02077,
  "Recall@5": 0.05516,
  "Recall@10": 0.06925,
  "Recall@25": 0.09296,
  "Recall@50": 0.12347,
  "Recall@100": 0.16045,
  "P@1": 0.03521,
  "P@5": 0.02535,
  "P@10": 0.01408,
  "P@25": 0.00761,
  "P@50": 0.00507,
  "P@100": 0.0031,
  "MRR": 0.06408
}