{
  "NDCG@1": 0.13389,
  "NDCG@5": 0.13638555555555557,
  "NDCG@10": 0.1476677777777778,
  "NDCG@25": 0.17100222222222222,
  "NDCG@50": 0.19327555555555553,
  "NDCG@100": 0.21869444444444447,
  "MAP@1": 0.05609333333333334,
  "MAP@5": 0.09137888888888888,
  "MAP@10": 0.10030333333333333,
  "MAP@25": 0.10998222222222222,
  "MAP@50": 0.11496,
  "MAP@100": 0.11882555555555557,
  "Recall@1": 0.05609333333333334,
  "Recall@5": 0.12871333333333335,
  "Recall@10": 0.1695566666666667,
  "Recall@25": 0.2514766666666667,
  "Recall@50": 0.32661888888888885,
  "Recall@100": 0.4223355555555556,
  "P@1": 0.13389,
  "P@5": 0.08131888888888889,
  "P@10": 0.06125888888888889,
  "P@25": 0.041256666666666664,
  "P@50": 0.03074666666666666,
  "P@100": 0.022035555555555555,
  "MRR": 0.20768999999999999
}