{
  "NDCG@1": 0.016777777777777773,
  "NDCG@5": 0.015376666666666669,
  "NDCG@10": 0.017815555555555557,
  "NDCG@25": 0.02213222222222222,
  "NDCG@50": 0.02573888888888889,
  "NDCG@100": 0.030761111111111114,
  "MAP@1": 0.008611111111111111,
  "MAP@5": 0.011674444444444444,
  "MAP@10": 0.012632222222222224,
  "MAP@25": 0.013603333333333335,
  "MAP@50": 0.014175555555555556,
  "MAP@100": 0.01462888888888889,
  "Recall@1": 0.008611111111111111,
  "Recall@5": 0.015393333333333334,
  "Recall@10": 0.021642222222222222,
  "Recall@25": 0.03607111111111111,
  "Recall@50": 0.04978444444444444,
  "Recall@100": 0.07259333333333334,
  "P@1": 0.016777777777777773,
  "P@5": 0.007481111111111111,
  "P@10": 0.005956666666666667,
  "P@25": 0.004043333333333333,
  "P@50": 0.0031055555555555554,
  "P@100": 0.002404444444444444,
  "MRR": 0.02842777777777778
}