{
  "NDCG@1": 0.013646,
  "NDCG@5": 0.013825,
  "NDCG@10": 0.016165,
  "NDCG@25": 0.021440000000000004,
  "NDCG@50": 0.025705,
  "NDCG@100": 0.030266000000000005,
  "MAP@1": 0.004239,
  "MAP@5": 0.008813999999999999,
  "MAP@10": 0.010038,
  "MAP@25": 0.011193999999999999,
  "MAP@50": 0.011841,
  "MAP@100": 0.012317000000000002,
  "Recall@1": 0.004239,
  "Recall@5": 0.014434000000000002,
  "Recall@10": 0.021389,
  "Recall@25": 0.037046,
  "Recall@50": 0.05259699999999999,
  "Recall@100": 0.072802,
  "P@1": 0.013646,
  "P@5": 0.009153,
  "P@10": 0.0063869999999999994,
  "P@25": 0.004812,
  "P@50": 0.003529,
  "P@100": 0.0024909999999999997,
  "MRR": 0.028287
}