{
  "NDCG@1": 0.021928000000000003,
  "NDCG@5": 0.028564999999999997,
  "NDCG@10": 0.032006,
  "NDCG@25": 0.037894,
  "NDCG@50": 0.045732999999999996,
  "NDCG@100": 0.054301999999999996,
  "MAP@1": 0.007789,
  "MAP@5": 0.016415,
  "MAP@10": 0.018467999999999995,
  "MAP@25": 0.020321000000000002,
  "MAP@50": 0.021643,
  "MAP@100": 0.022642000000000002,
  "Recall@1": 0.007789,
  "Recall@5": 0.028864,
  "Recall@10": 0.040698,
  "Recall@25": 0.059632000000000004,
  "Recall@50": 0.08919800000000001,
  "Recall@100": 0.125038,
  "P@1": 0.021928000000000003,
  "P@5": 0.019394,
  "P@10": 0.014554000000000001,
  "P@25": 0.009953,
  "P@50": 0.007746999999999999,
  "P@100": 0.005633000000000001,
  "MRR": 0.04967599999999999
}