{
  "NDCG@1": 0.0,
  "NDCG@5": 0.0,
  "NDCG@10": 0.0,
  "NDCG@25": 0.0,
  "NDCG@50": 0.0002,
  "NDCG@100": 0.00057,
  "MAP@1": 0.0,
  "MAP@5": 0.0,
  "MAP@10": 0.0,
  "MAP@25": 0.0,
  "MAP@50": 1e-05,
  "MAP@100": 2e-05,
  "Recall@1": 0.0,
  "Recall@5": 0.0,
  "Recall@10": 0.0,
  "Recall@25": 0.0,
  "Recall@50": 0.00034,
  "Recall@100": 0.00113,
  "P@1": 0.0,
  "P@5": 0.0,
  "P@10": 0.0,
  "P@25": 0.0,
  "P@50": 0.00018,
  "P@100": 0.00027,
  "MRR": 0.00245
}